<?xml version="1.0" encoding="UTF-8" ?>

<electricity_Consumer>

<consumerno>1001</consumerno>
<consumername>Seema Joshi</consumername>
<email>Seema.joshi@gmail.com</email>
<unitsconsumed>250</unitsconsumed>

<consumerno>1002</consumerno>
<consumername>Amey joshi</consumername>
<email>Amey.j@cg.com</email>
<unitsconsumed>345</unitsconsumed>

<consumerno>1003</consumerno>
<consumername>Pravin</consumername>
<email>Pravin.t@cg.com</email>
<unitsconsumed>457</unitsconsumed>

<consumerno>1004</consumerno>
<consumername>Manoj kulkarni</consumername>
<email>manoj@gmail.com</email>
<unitsconsumed>720</unitsconsumed>

<consumerno>1005</consumerno>
<consumername>Shrikant Shinde</consumername>
<email>Shrikant.shinde@gmail.com</email>
<unitsconsumed>90</unitsconsumed>

<consumerno>1006</consumerno>
<consumername>mahesh B</consumername>
<email>bmahesh@yahoo.com</email>
<unitsconsumed>720</unitsconsumed>

</electricity_Consumer>
